xtal,ligand_name,compound_code
D68EV3CPROB-x0426,LIG,ASAP-0017342-001
D68EV3CPROB-x0436,LIG,ASAP-0017314-001
D68EV3CPROB-x0439,LIG,ASAP-0017346-001
D68EV3CPROB-x0446,LIG,ASAP-0017414-001
D68EV3CPROB-x0450,LIG,ASAP-0017391-001
D68EV3CPROB-x0454,LIG,ASAP-0017360-001
D68EV3CPROB-x0455,LIG,ASAP-0017402-001
D68EV3CPROB-x0469,LIG,ASAP-0017460-001
D68EV3CPROB-x0495,LIG,ASAP-0017486-001
D68EV3CPROB-x0513,LIG,ASAP-0017660-001
D68EV3CPROB-x0517,LIG,ASAP-0017616-001
D68EV3CPROB-x0525,LIG,ASAP-0017655-001
D68EV3CPROB-x0541,LIG,ASAP-0017648-001
D68EV3CPROB-x0691,LIG,ASAP-0020997-001
D68EV3CPROB-x0693,LIG,ASAP-0020968-001
D68EV3CPROB-x0723,LIG,ASAP-0023152-001
D68EV3CPROB-x0738,LIG,ASAP-0023167-001
D68EV3CPROB-x0742,LIG,ASAP-0023171-001
D68EV3CPROB-x0798,LIG,ASAP-0021114-001
D68EV3CPROB-x0805,LIG,ASAP-0021123-001
D68EV3CPROB-x0839,LIG,ASAP-0021139-001
D68EV3CPROB-x0857,LIG,ASAP-0021402-001
D68EV3CPROB-x0875,LIG,ASAP-0021531-001
D68EV3CPROB-x0878,LIG,ASAP-0021547-001
D68EV3CPROB-x0914,LIG,ASAP-0022552-001
D68EV3CPROB-x0923,LIG,ASAP-0022717-001
D68EV3CPROB-x0925,LIG,ASAP-0022562-001
D68EV3CPROB-x0931,LIG,ASAP-0023057-001
D68EV3CPROB-x0938,LIG,ASAP-0022650-001
D68EV3CPROB-x1020,LIG,ASAP-0023178-001
D68EV3CPROB-x1033,LIG,ASAP-0023191-001
D68EV3CPROB-x1035,LIG,ASAP-0023307-001
D68EV3CPROB-x1081,LIG,ASAP-0023346-001
D68EV3CPROB-x1120,LIG,ASAP-0027572-001
D68EV3CPROB-x1157,LIG,ASAP-0004509-002
D68EV3CPROB-x1158,LIG,ASAP-0004085-003
D68EV3CPROB-x1159,LIG,ASAP-0004623-002
D68EV3CPROB-x1169,LIG,ASAP-0008227-010
D68EV3CPROB-x1170,LIG,ASAP-0000912-002
D68EV3CPROB-x1219,LIG,ASAP-0027840-001
D68EV3CPROB-x1264,LIG,ASAP-0028025-001
D68EV3CPROB-x1270,LIG,ASAP-0028845-001
D68EV3CPROB-x1276,LIG,ASAP-0028925-001
D68EV3CPROB-x1307,LIG,ASAP-0029004-001
D68EV3CPROB-x1361,LIG,ASAP-0029334-001
D68EV3CPROB-x1368,LIG,ASAP-0029286-001
D68EV3CPROB-x1396,LIG,ASAP-0029467-001
D68EV3CPROB-x1403,LIG,ASAP-0029412-001
D68EV3CPROB-x1409,LIG,ASAP-0029504-001
D68EV3CPROB-x1456,LIG,ASAP-0029844-001
D68EV3CPROB-x1457,LIG,ASAP-0029860-001
D68EV3CPROB-x1460,LIG,ASAP-0029833-001
D68EV3CPROB-x1462,LIG,ASAP-0029853-001
D68EV3CPROB-x1463,LIG,ASAP-0029773-001
