Param,Code,File not found when assembling download
ligand_pdb,B0923a,aligned_files/B0923a/ligand_pdb
ligand_pdb,B0923c,aligned_files/B0923c/ligand_pdb
ligand_pdb,B0923b,aligned_files/B0923b/ligand_pdb
ligand_pdb,B0925a,aligned_files/B0925a/ligand_pdb
ligand_pdb,B1158b,aligned_files/B1158b/ligand_pdb
ligand_pdb,B1158a,aligned_files/B1158a/ligand_pdb
ligand_pdb,B1159a,aligned_files/B1159a/ligand_pdb
ligand_sdf,B0923a,aligned_files/B0923a/ligand_sdf
ligand_sdf,B0923c,aligned_files/B0923c/ligand_sdf
ligand_sdf,B0923b,aligned_files/B0923b/ligand_sdf
ligand_sdf,B0925a,aligned_files/B0925a/ligand_sdf
ligand_sdf,B1158b,aligned_files/B1158b/ligand_sdf
ligand_sdf,B1158a,aligned_files/B1158a/ligand_sdf
ligand_sdf,B1159a,aligned_files/B1159a/ligand_sdf
ligand_smiles,B0923a,aligned_files/B0923a/ligand_smiles
ligand_smiles,B0923c,aligned_files/B0923c/ligand_smiles
ligand_smiles,B0923b,aligned_files/B0923b/ligand_smiles
ligand_smiles,B0925a,aligned_files/B0925a/ligand_smiles
ligand_smiles,B1158b,aligned_files/B1158b/ligand_smiles
ligand_smiles,B1158a,aligned_files/B1158a/ligand_smiles
ligand_smiles,B1159a,aligned_files/B1159a/ligand_smiles
sdf_info,B0923a,
sdf_info,B0923c,
sdf_info,B0923b,
sdf_info,B0925a,
sdf_info,B1158b,
sdf_info,B1158a,
sdf_info,B1159a,
